alpha,rps_wf_1993
0.0,0.172523
0.05,0.172434
0.1,0.172641
0.15,0.173144
0.2,0.173942
0.25,0.175035
0.3,0.176424
0.35,0.178109
0.4,0.18009
0.45,0.182366
0.5,0.184937
